ring,center,area,r_inner,r_outer,height,width,R
0,1049.4,5.3,1037.83,1060.98,23.15,22.9,R00
1,1072.55,5.3,1060.98,1084.12,23.15,22.9,R01
2,1096.21,5.78,1084.12,1108.3,24.18,23.92,R02
3,1120.39,5.78,1108.3,1132.48,24.18,23.92,R03
4,1145.1,6.31,1132.48,1157.73,25.26,24.98,R04
5,1170.36,6.31,1157.73,1182.99,25.26,24.98,R05
6,1196.18,6.89,1182.99,1209.37,26.38,26.1,R06
7,1222.56,6.89,1209.37,1235.75,26.38,26.1,R07
8,1249.53,7.51,1235.75,1263.31,27.56,27.26,R08
9,1277.09,7.51,1263.31,1290.87,27.56,27.26,R09
10,1305.26,8.2,1290.87,1319.66,28.79,28.48,R10
11,1334.05,8.2,1319.66,1348.45,28.79,28.48,R11
12,1363.48,8.95,1348.45,1378.52,30.07,29.75,R12
13,1393.56,8.95,1378.52,1408.59,30.07,29.75,R13
14,1424.3,9.76,1408.59,1440,31.41,31.07,R14
15,1455.71,9.76,1440,1471.42,31.41,31.07,R15
16,1487.83,10.65,1471.42,1504.23,32.81,32.46,R16
17,1520.64,10.65,1504.23,1537.05,32.81,32.46,R17
18,1554.19,11.62,1537.05,1571.33,34.28,33.91,R18
19,1588.47,11.62,1571.33,1605.6,34.28,33.91,R19
20,1623.51,12.68,1605.6,1641.41,35.81,35.42,R20
21,1659.32,12.68,1641.41,1677.22,35.81,35.42,R21
22,1695.92,13.84,1677.22,1714.62,37.4,37,R22
23,1733.33,13.84,1714.62,1752.03,37.4,37,R23
24,1771.56,15.1,1752.03,1791.1,39.07,38.65,R24
25,1810.64,15.1,1791.1,1830.17,39.07,38.65,R25
26,1850.58,16.48,1830.17,1870.99,40.82,40.38,R26
27,1891.4,16.48,1870.99,1911.8,40.82,40.38,R27
28,1933.12,17.98,1911.8,1954.44,42.64,42.18,R28
29,1975.76,17.98,1954.44,1997.08,42.64,42.18,R29
30,2019.34,19.62,1997.08,2041.61,44.54,44.06,R30
31,2063.88,19.62,2041.61,2086.15,44.54,44.06,R31
32,2109.41,21.41,2086.15,2132.67,46.52,46.02,R32
33,2155.94,21.41,2132.67,2179.2,46.52,46.02,R33
34,2203.5,23.36,2179.2,2227.8,48.6,48.07,R34
35,2252.1,23.36,2227.8,2276.4,48.6,48.07,R35
36,2301.78,25.49,2276.4,2327.16,50.77,50.22,R36
37,2352.55,25.49,2327.16,2377.93,50.77,50.22,R37
38,2404.45,27.82,2377.93,2430.96,53.03,52.46,R38
39,2457.48,27.82,2430.96,2483.99,53.03,52.46,R39
40,2511.69,30.36,2483.99,2539.39,55.4,54.8,R40
41,2567.09,30.36,2539.39,2594.79,55.4,54.8,R41
42,2568.09,30.36,2594.79,2595.79,55.4,54.8,R42
F1,1548.48,5.15,1537.05,1559.91,22.85,22.52,H1
F1,1548.48,5.15,1559.91,1559.91,22.85,22.52,H2
F1,1548.48,5.15,1582.76,1559.91,22.85,22.52,H3
F2,1617.54,5.62,1605.61,1629.48,23.87,23.53,H4
F2,1617.54,5.62,1629.48,1629.48,23.87,23.53,H5
F2,1617.54,5.62,1653.35,1629.48,23.87,23.53,H6
F3,1689.69,6.13,1677.22,1702.16,24.94,24.58,H7
F3,1689.69,6.13,1702.16,1702.16,24.94,24.58,H8
F3,1689.69,6.13,1727.09,1702.16,24.94,24.58,H9
F4,1765.05,6.69,1752.03,1778.07,26.05,25.67,H10
F4,1765.05,6.69,1778.07,1778.07,26.05,25.67,H11
F4,1765.05,6.69,1804.12,1778.07,26.05,25.67,H12
F5,1843.77,7.3,1830.17,1857.38,27.21,26.82,H13
F5,1843.77,7.3,1857.38,1857.38,27.21,26.82,H14
F5,1843.77,7.3,1884.59,1857.38,27.21,26.82,H15
F6,1926.01,7.96,1911.79,1940.22,28.42,28.01,H16
F6,1926.01,7.96,1940.22,1940.22,28.42,28.01,H17
F6,1926.01,7.96,1968.64,1940.22,28.42,28.01,H18
F7,2011.91,8.69,1997.06,2026.75,29.69,29.26,H19
F7,2011.91,8.69,2026.75,2026.75,29.69,29.26,H20
F7,2011.91,8.69,2056.44,2026.75,29.69,29.26,H21
F8,2101.64,9.48,2086.13,2117.15,31.01,30.57,H22
F8,2101.64,9.48,2117.15,2117.15,31.01,30.57,H23
F8,2101.64,9.48,2148.16,2117.15,31.01,30.57,H24
